<?xml version="1.0" encoding="UTF-8"?>
<GenRun Id="synth_1" LaunchPart="xc7k70tfbv676-1" LaunchTime="1771670278">
  <File Type="PA-TCL" Name="comb.tcl"/>
  <File Type="RDS-PROPCONSTRS" Name="comb_drc_synth.rpt"/>
  <File Type="REPORTS-TCL" Name="comb_reports.tcl"/>
  <File Type="RDS-RDS" Name="comb.vds"/>
  <File Type="RDS-UTIL" Name="comb_utilization_synth.rpt"/>
  <File Type="RDS-UTIL-PB" Name="comb_utilization_synth.pb"/>
  <File Type="RDS-DCP" Name="comb.dcp"/>
  <File Type="VDS-TIMINGSUMMARY" Name="comb_timing_summary_synth.rpt"/>
  <File Type="VDS-TIMING-PB" Name="comb_timing_summary_synth.pb"/>
  <FileSet Name="sources" Type="DesignSrcs" RelSrcDir="$PSRCDIR/sources_1">
    <Filter Type="Srcs"/>
    <File Path="$PSRCDIR/sources_1/new/EX2.vhd">
      <FileInfo>
        <Attr Name="ImportPath" Val="C:/Users/Lenovo Notebook/Desktop/project_Uldana/project_Uldana.srcs/sources_1/new/EX2.vhd"/>
        <Attr Name="ImportTime" Val="1771588696"/>
        <Attr Name="UsedIn" Val="synthesis"/>
        <Attr Name="UsedIn" Val="simulation"/>
      </FileInfo>
    </File>
    <File Path="$PSRCDIR/sources_1/new/N.vhd">
      <FileInfo>
        <Attr Name="ImportPath" Val="C:/Users/Lenovo Notebook/Desktop/project_Uldana/project_Uldana.srcs/sources_1/new/N.vhd"/>
        <Attr Name="ImportTime" Val="1771588696"/>
        <Attr Name="UsedIn" Val="synthesis"/>
        <Attr Name="UsedIn" Val="simulation"/>
      </FileInfo>
    </File>
    <File Path="$PSRCDIR/sources_1/new/NA2.vhd">
      <FileInfo>
        <Attr Name="ImportPath" Val="C:/Users/Lenovo Notebook/Desktop/project_Uldana/project_Uldana.srcs/sources_1/new/NA2.vhd"/>
        <Attr Name="ImportTime" Val="1771588696"/>
        <Attr Name="UsedIn" Val="synthesis"/>
        <Attr Name="UsedIn" Val="simulation"/>
      </FileInfo>
    </File>
    <File Path="$PSRCDIR/sources_1/new/NAO3.vhd">
      <FileInfo>
        <Attr Name="ImportPath" Val="C:/Users/Lenovo Notebook/Desktop/project_Uldana/project_Uldana.srcs/sources_1/new/NAO3.vhd"/>
        <Attr Name="ImportTime" Val="1771588696"/>
        <Attr Name="UsedIn" Val="synthesis"/>
        <Attr Name="UsedIn" Val="simulation"/>
      </FileInfo>
    </File>
    <File Path="$PSRCDIR/sources_1/new/NAOA2.vhd">
      <FileInfo>
        <Attr Name="ImportPath" Val="C:/Users/Lenovo Notebook/Desktop/project_Uldana/project_Uldana.srcs/sources_1/new/NAOA2.vhd"/>
        <Attr Name="ImportTime" Val="1771588696"/>
        <Attr Name="UsedIn" Val="synthesis"/>
        <Attr Name="UsedIn" Val="simulation"/>
      </FileInfo>
    </File>
    <File Path="$PSRCDIR/sources_1/new/NO3.vhd">
      <FileInfo>
        <Attr Name="ImportPath" Val="C:/Users/Lenovo Notebook/Desktop/project_Uldana/project_Uldana.srcs/sources_1/new/NO3.vhd"/>
        <Attr Name="ImportTime" Val="1771588696"/>
        <Attr Name="UsedIn" Val="synthesis"/>
        <Attr Name="UsedIn" Val="simulation"/>
      </FileInfo>
    </File>
    <File Path="$PSRCDIR/sources_1/new/NOA3.vhd">
      <FileInfo>
        <Attr Name="ImportPath" Val="C:/Users/Lenovo Notebook/Desktop/project_Uldana/project_Uldana.srcs/sources_1/new/NOA3.vhd"/>
        <Attr Name="ImportTime" Val="1771588696"/>
        <Attr Name="UsedIn" Val="synthesis"/>
        <Attr Name="UsedIn" Val="simulation"/>
      </FileInfo>
    </File>
    <File Path="$PSRCDIR/sources_1/new/NOAO2.vhd">
      <FileInfo>
        <Attr Name="ImportPath" Val="C:/Users/Lenovo Notebook/Desktop/project_Uldana/project_Uldana.srcs/sources_1/new/NOAO2.vhd"/>
        <Attr Name="ImportTime" Val="1771588696"/>
        <Attr Name="UsedIn" Val="synthesis"/>
        <Attr Name="UsedIn" Val="simulation"/>
      </FileInfo>
    </File>
    <File Path="$PSRCDIR/sources_1/new/comb.vhd">
      <FileInfo>
        <Attr Name="ImportPath" Val="C:/Users/Lenovo Notebook/Desktop/project_Uldana/project_Uldana.srcs/sources_1/new/comb.vhd"/>
        <Attr Name="ImportTime" Val="1771670275"/>
        <Attr Name="UsedIn" Val="synthesis"/>
        <Attr Name="UsedIn" Val="simulation"/>
      </FileInfo>
    </File>
    <Config>
      <Option Name="DesignMode" Val="RTL"/>
      <Option Name="TopModule" Val="comb"/>
      <Option Name="TopAutoSet" Val="TRUE"/>
    </Config>
  </FileSet>
  <FileSet Name="constrs_in" Type="Constrs" RelSrcDir="$PSRCDIR/constrs_1">
    <Filter Type="Constrs"/>
    <Config>
      <Option Name="ConstrsType" Val="XDC"/>
    </Config>
  </FileSet>
  <FileSet Name="utils" Type="Utils" RelSrcDir="$PSRCDIR/utils_1">
    <Filter Type="Utils"/>
    <Config>
      <Option Name="TopAutoSet" Val="TRUE"/>
    </Config>
  </FileSet>
  <Strategy Version="1" Minor="2">
    <StratHandle Name="Vivado Synthesis Defaults" Flow="Vivado Synthesis 2018"/>
    <Step Id="synth_design"/>
  </Strategy>
</GenRun>
