<?xml version="1.0" encoding="UTF-8"?>
<GenRun Id="impl_2" LaunchPart="xc7k70tfbv676-1" LaunchTime="1771570351">
  <File Type="BITSTR-BMM" Name="CS3_bd.bmm"/>
  <File Type="OPT-METHODOLOGY-DRC" Name="CS3_methodology_drc_opted.rpt"/>
  <File Type="INIT-TIMING" Name="CS3_timing_summary_init.rpt"/>
  <File Type="ROUTE-PWR" Name="CS3_power_routed.rpt"/>
  <File Type="PA-TCL" Name="CS3.tcl"/>
  <File Type="OPT-TIMING" Name="CS3_timing_summary_opted.rpt"/>
  <File Type="OPT-DCP" Name="CS3_opt.dcp"/>
  <File Type="ROUTE-PWR-SUM" Name="CS3_power_summary_routed.pb"/>
  <File Type="REPORTS-TCL" Name="CS3_reports.tcl"/>
  <File Type="OPT-DRC" Name="CS3_drc_opted.rpt"/>
  <File Type="OPT-HWDEF" Name="CS3.hwdef"/>
  <File Type="PWROPT-DCP" Name="CS3_pwropt.dcp"/>
  <File Type="PWROPT-DRC" Name="CS3_drc_pwropted.rpt"/>
  <File Type="PWROPT-TIMING" Name="CS3_timing_summary_pwropted.rpt"/>
  <File Type="PLACE-DCP" Name="CS3_placed.dcp"/>
  <File Type="PLACE-IO" Name="CS3_io_placed.rpt"/>
  <File Type="PLACE-CLK" Name="CS3_clock_utilization_placed.rpt"/>
  <File Type="PLACE-UTIL" Name="CS3_utilization_placed.rpt"/>
  <File Type="PLACE-UTIL-PB" Name="CS3_utilization_placed.pb"/>
  <File Type="PLACE-CTRL" Name="CS3_control_sets_placed.rpt"/>
  <File Type="PLACE-SIMILARITY" Name="CS3_incremental_reuse_placed.rpt"/>
  <File Type="PLACE-PRE-SIMILARITY" Name="CS3_incremental_reuse_pre_placed.rpt"/>
  <File Type="BG-BGN" Name="CS3.bgn"/>
  <File Type="PLACE-TIMING" Name="CS3_timing_summary_placed.rpt"/>
  <File Type="POSTPLACE-PWROPT-DCP" Name="CS3_postplace_pwropt.dcp"/>
  <File Type="BG-BIN" Name="CS3.bin"/>
  <File Type="POSTPLACE-PWROPT-TIMING" Name="CS3_timing_summary_postplace_pwropted.rpt"/>
  <File Type="PHYSOPT-DCP" Name="CS3_physopt.dcp"/>
  <File Type="PHYSOPT-DRC" Name="CS3_drc_physopted.rpt"/>
  <File Type="BITSTR-MSK" Name="CS3.msk"/>
  <File Type="PHYSOPT-TIMING" Name="CS3_timing_summary_physopted.rpt"/>
  <File Type="ROUTE-ERROR-DCP" Name="CS3_routed_error.dcp"/>
  <File Type="ROUTE-DCP" Name="CS3_routed.dcp"/>
  <File Type="ROUTE-BLACKBOX-DCP" Name="CS3_routed_bb.dcp"/>
  <File Type="ROUTE-DRC" Name="CS3_drc_routed.rpt"/>
  <File Type="ROUTE-DRC-PB" Name="CS3_drc_routed.pb"/>
  <File Type="BITSTR-LTX" Name="debug_nets.ltx"/>
  <File Type="BITSTR-LTX" Name="CS3.ltx"/>
  <File Type="ROUTE-DRC-RPX" Name="CS3_drc_routed.rpx"/>
  <File Type="BITSTR-MMI" Name="CS3.mmi"/>
  <File Type="ROUTE-METHODOLOGY-DRC" Name="CS3_methodology_drc_routed.rpt"/>
  <File Type="ROUTE-METHODOLOGY-DRC-RPX" Name="CS3_methodology_drc_routed.rpx"/>
  <File Type="BITSTR-SYSDEF" Name="CS3.sysdef"/>
  <File Type="ROUTE-METHODOLOGY-DRC-PB" Name="CS3_methodology_drc_routed.pb"/>
  <File Type="ROUTE-PWR-RPX" Name="CS3_power_routed.rpx"/>
  <File Type="ROUTE-STATUS" Name="CS3_route_status.rpt"/>
  <File Type="ROUTE-STATUS-PB" Name="CS3_route_status.pb"/>
  <File Type="ROUTE-TIMINGSUMMARY" Name="CS3_timing_summary_routed.rpt"/>
  <File Type="ROUTE-TIMING-PB" Name="CS3_timing_summary_routed.pb"/>
  <File Type="ROUTE-TIMING-RPX" Name="CS3_timing_summary_routed.rpx"/>
  <File Type="ROUTE-SIMILARITY" Name="CS3_incremental_reuse_routed.rpt"/>
  <File Type="ROUTE-CLK" Name="CS3_clock_utilization_routed.rpt"/>
  <File Type="ROUTE-BUS-SKEW" Name="CS3_bus_skew_routed.rpt"/>
  <File Type="ROUTE-BUS-SKEW-PB" Name="CS3_bus_skew_routed.pb"/>
  <File Type="ROUTE-BUS-SKEW-RPX" Name="CS3_bus_skew_routed.rpx"/>
  <File Type="POSTROUTE-PHYSOPT-DCP" Name="CS3_postroute_physopt.dcp"/>
  <File Type="POSTROUTE-PHYSOPT-BLACKBOX-DCP" Name="CS3_postroute_physopt_bb.dcp"/>
  <File Type="POSTROUTE-PHYSOPT-TIMING" Name="CS3_timing_summary_postroute_physopted.rpt"/>
  <File Type="POSTROUTE-PHYSOPT-TIMING-PB" Name="CS3_timing_summary_postroute_physopted.pb"/>
  <File Type="POSTROUTE-PHYSOPT-TIMING-RPX" Name="CS3_timing_summary_postroute_physopted.rpx"/>
  <File Type="POSTROUTE-PHYSOPT-BUS-SKEW" Name="CS3_bus_skew_postroute_physopted.rpt"/>
  <File Type="POSTROUTE-PHYSOPT-BUS-SKEW-PB" Name="CS3_bus_skew_postroute_physopted.pb"/>
  <File Type="BG-BIT" Name="CS3.bit"/>
  <File Type="POSTROUTE-PHYSOPT-BUS-SKEW-RPX" Name="CS3_bus_skew_postroute_physopted.rpx"/>
  <File Type="BITSTR-RBT" Name="CS3.rbt"/>
  <File Type="BITSTR-NKY" Name="CS3.nky"/>
  <File Type="BG-DRC" Name="CS3.drc"/>
  <File Type="RDI-RDI" Name="CS3.vdi"/>
  <File Type="WBT-USG" Name="usage_statistics_webtalk.html"/>
  <FileSet Name="sources" Type="DesignSrcs" RelSrcDir="$PSRCDIR/sources_1">
    <Filter Type="Srcs"/>
    <File Path="$PSRCDIR/sources_1/new/A3.vhd">
      <FileInfo>
        <Attr Name="UsedIn" Val="synthesis"/>
        <Attr Name="UsedIn" Val="simulation"/>
      </FileInfo>
    </File>
    <File Path="$PSRCDIR/sources_1/new/EX2.vhd">
      <FileInfo>
        <Attr Name="UsedIn" Val="synthesis"/>
        <Attr Name="UsedIn" Val="simulation"/>
      </FileInfo>
    </File>
    <File Path="$PSRCDIR/sources_1/new/GND.vhd">
      <FileInfo>
        <Attr Name="UsedIn" Val="synthesis"/>
        <Attr Name="UsedIn" Val="simulation"/>
      </FileInfo>
    </File>
    <File Path="$PSRCDIR/sources_1/new/N.vhd">
      <FileInfo>
        <Attr Name="UsedIn" Val="synthesis"/>
        <Attr Name="UsedIn" Val="simulation"/>
      </FileInfo>
    </File>
    <File Path="$PSRCDIR/sources_1/new/NA2.vhd">
      <FileInfo>
        <Attr Name="UsedIn" Val="synthesis"/>
        <Attr Name="UsedIn" Val="simulation"/>
      </FileInfo>
    </File>
    <File Path="$PSRCDIR/sources_1/new/NA3.vhd">
      <FileInfo>
        <Attr Name="UsedIn" Val="synthesis"/>
        <Attr Name="UsedIn" Val="simulation"/>
      </FileInfo>
    </File>
    <File Path="$PSRCDIR/sources_1/new/NAO3.vhd">
      <FileInfo>
        <Attr Name="UsedIn" Val="synthesis"/>
        <Attr Name="UsedIn" Val="simulation"/>
      </FileInfo>
    </File>
    <File Path="$PSRCDIR/sources_1/new/NO2.vhd">
      <FileInfo>
        <Attr Name="UsedIn" Val="synthesis"/>
        <Attr Name="UsedIn" Val="simulation"/>
      </FileInfo>
    </File>
    <File Path="$PSRCDIR/sources_1/new/NOA2.vhd">
      <FileInfo>
        <Attr Name="UsedIn" Val="synthesis"/>
        <Attr Name="UsedIn" Val="simulation"/>
      </FileInfo>
    </File>
    <File Path="$PSRCDIR/sources_1/new/CS3.vhd">
      <FileInfo>
        <Attr Name="UsedIn" Val="synthesis"/>
        <Attr Name="UsedIn" Val="simulation"/>
      </FileInfo>
    </File>
    <Config>
      <Option Name="DesignMode" Val="RTL"/>
      <Option Name="TopModule" Val="CS3"/>
      <Option Name="TopAutoSet" Val="TRUE"/>
    </Config>
  </FileSet>
  <FileSet Name="constrs_in" Type="Constrs" RelSrcDir="$PSRCDIR/constrs_1">
    <Filter Type="Constrs"/>
    <Config>
      <Option Name="ConstrsType" Val="XDC"/>
    </Config>
  </FileSet>
  <FileSet Name="utils" Type="Utils" RelSrcDir="$PSRCDIR/utils_1">
    <Filter Type="Utils"/>
    <Config>
      <Option Name="TopAutoSet" Val="TRUE"/>
    </Config>
  </FileSet>
  <Strategy Version="1" Minor="2">
    <StratHandle Name="Vivado Implementation Defaults" Flow="Vivado Implementation 2018"/>
    <Step Id="init_design"/>
    <Step Id="opt_design"/>
    <Step Id="power_opt_design"/>
    <Step Id="place_design"/>
    <Step Id="post_place_power_opt_design"/>
    <Step Id="phys_opt_design"/>
    <Step Id="route_design"/>
    <Step Id="post_route_phys_opt_design"/>
    <Step Id="write_bitstream"/>
  </Strategy>
</GenRun>
